attack_detected,attacker_pct,b3_available,comm_range_m,context,decision,density,family,frequency_hz,m_A,m_notA,m_theta,msg_index,n_contract_violations,scenario_id,seed,sem_m_notA,semantic_confidence,total_ms,trust_score,truth_attacker,vehicle_count
False,0.05,True,300,rural,CAUTION,sparse,replay,10.0,0.23000000000000004,0.23000000000000004,0.5399999999999999,0,0,s101_replay_25v_5pct_sparse_rural_507,608,0.0,0.9,86.49838299970725,0.8772999999999999,False,25
False,0.05,True,300,rural,CAUTION,sparse,replay,10.0,0.146,0.146,0.708,1,0,s101_replay_25v_5pct_sparse_rural_507,608,0.0,0.9,17.36927100137109,0.9184599999999999,False,25
False,0.05,True,300,rural,CAUTION,sparse,replay,10.0,0.23000000000000004,0.23000000000000004,0.5399999999999999,2,0,s101_replay_25v_5pct_sparse_rural_507,608,0.0,0.9,15.629612000338966,0.8772999999999999,False,25
False,0.05,True,300,rural,CAUTION,sparse,replay,10.0,0.23000000000000004,0.23000000000000004,0.5399999999999999,3,0,s101_replay_25v_5pct_sparse_rural_507,608,0.0,0.9,17.86797699969611,0.8772999999999999,False,25
False,0.05,True,300,rural,CAUTION,sparse,replay,10.0,0.23000000000000004,0.23000000000000004,0.5399999999999999,4,0,s101_replay_25v_5pct_sparse_rural_507,608,0.0,0.9,17.12996199967165,0.8772999999999999,False,25
False,0.05,True,300,rural,CAUTION,sparse,replay,10.0,0.23000000000000004,0.23000000000000004,0.5399999999999999,5,0,s101_replay_25v_5pct_sparse_rural_507,608,0.0,0.9,15.967631999956211,0.8772999999999999,False,25
False,0.05,True,300,rural,CAUTION,sparse,replay,10.0,0.23000000000000004,0.23000000000000004,0.5399999999999999,6,0,s101_replay_25v_5pct_sparse_rural_507,608,0.0,0.9,19.18349900006433,0.8772999999999999,False,25
False,0.05,True,300,rural,CAUTION,sparse,replay,10.0,0.23000000000000004,0.23000000000000004,0.5399999999999999,7,0,s101_replay_25v_5pct_sparse_rural_507,608,0.0,0.9,23.56554699872504,0.8772999999999999,True,25
False,0.05,True,300,rural,CAUTION,sparse,replay,10.0,0.23000000000000004,0.23000000000000004,0.5399999999999999,8,0,s101_replay_25v_5pct_sparse_rural_507,608,0.0,0.9,21.34530700095638,0.8772999999999999,False,25
False,0.05,True,300,rural,CAUTION,sparse,replay,10.0,0.23000000000000004,0.23000000000000004,0.5399999999999999,9,0,s101_replay_25v_5pct_sparse_rural_507,608,0.0,0.9,20.22518200101331,0.8772999999999999,False,25
False,0.05,True,300,rural,CAUTION,sparse,replay,10.0,0.23000000000000004,0.23000000000000004,0.5399999999999999,10,0,s101_replay_25v_5pct_sparse_rural_507,608,0.0,0.9,17.494196999905398,0.8772999999999999,False,25
False,0.05,True,300,rural,CAUTION,sparse,replay,10.0,0.23000000000000004,0.23000000000000004,0.5399999999999999,11,0,s101_replay_25v_5pct_sparse_rural_507,608,0.0,0.9,20.945193000443396,0.8772999999999999,False,25
False,0.01,True,300,highway,CAUTION,moderate,benign,10.0,0.23000000000000004,0.23000000000000004,0.5399999999999999,0,0,s101_benign_100v_1pct_moderate_highway_905,1006,0.0,0.9,17.993397999816807,0.8772999999999999,False,100
False,0.01,True,300,highway,CAUTION,moderate,benign,10.0,0.146,0.146,0.708,1,0,s101_benign_100v_1pct_moderate_highway_905,1006,0.0,0.9,16.42669699867838,0.9184599999999999,False,100
False,0.01,True,300,highway,CAUTION,moderate,benign,10.0,0.23000000000000004,0.23000000000000004,0.5399999999999999,2,0,s101_benign_100v_1pct_moderate_highway_905,1006,0.0,0.9,16.560266998567386,0.8772999999999999,False,100
False,0.01,True,300,highway,CAUTION,moderate,benign,10.0,0.23000000000000004,0.23000000000000004,0.5399999999999999,3,0,s101_benign_100v_1pct_moderate_highway_905,1006,0.0,0.9,23.25245500105666,0.8772999999999999,False,100
False,0.01,True,300,highway,CAUTION,moderate,benign,10.0,0.23000000000000004,0.23000000000000004,0.5399999999999999,4,0,s101_benign_100v_1pct_moderate_highway_905,1006,0.0,0.9,17.402051998942625,0.8772999999999999,False,100
False,0.01,True,300,highway,CAUTION,moderate,benign,10.0,0.23000000000000004,0.23000000000000004,0.5399999999999999,5,0,s101_benign_100v_1pct_moderate_highway_905,1006,0.0,0.9,20.04743699944811,0.8772999999999999,False,100
False,0.01,True,300,highway,CAUTION,moderate,benign,10.0,0.23000000000000004,0.23000000000000004,0.5399999999999999,6,0,s101_benign_100v_1pct_moderate_highway_905,1006,0.0,0.9,20.38310300122248,0.8772999999999999,False,100
False,0.01,True,300,highway,CAUTION,moderate,benign,10.0,0.23000000000000004,0.23000000000000004,0.5399999999999999,7,0,s101_benign_100v_1pct_moderate_highway_905,1006,0.0,0.9,23.319537000134005,0.8772999999999999,False,100
False,0.01,True,300,highway,CAUTION,moderate,benign,10.0,0.23000000000000004,0.23000000000000004,0.5399999999999999,8,0,s101_benign_100v_1pct_moderate_highway_905,1006,0.0,0.9,17.241730998648563,0.8772999999999999,False,100
False,0.01,True,300,highway,CAUTION,moderate,benign,10.0,0.23000000000000004,0.23000000000000004,0.5399999999999999,9,0,s101_benign_100v_1pct_moderate_highway_905,1006,0.0,0.9,17.093664000640274,0.8772999999999999,False,100
False,0.01,True,300,highway,CAUTION,moderate,benign,10.0,0.23000000000000004,0.23000000000000004,0.5399999999999999,10,0,s101_benign_100v_1pct_moderate_highway_905,1006,0.0,0.9,18.34507300009136,0.8772999999999999,False,100
False,0.01,True,300,highway,CAUTION,moderate,benign,10.0,0.23000000000000004,0.23000000000000004,0.5399999999999999,11,0,s101_benign_100v_1pct_moderate_highway_905,1006,0.0,0.9,17.980481999984477,0.8772999999999999,False,100
False,0.4,True,300,highway,CAUTION,moderate,fabrication,10.0,0.23000000000000004,0.23000000000000004,0.5399999999999999,0,0,s101_fabrication_500v_40pct_moderate_highway_1571,1672,0.0,0.9,17.60012100021413,0.8772999999999999,True,500
False,0.4,True,300,highway,CAUTION,moderate,fabrication,10.0,0.146,0.146,0.708,1,0,s101_fabrication_500v_40pct_moderate_highway_1571,1672,0.0,0.9,15.203483000732376,0.9184599999999999,False,500
False,0.4,True,300,highway,CAUTION,moderate,fabrication,10.0,0.23000000000000004,0.23000000000000004,0.5399999999999999,2,0,s101_fabrication_500v_40pct_moderate_highway_1571,1672,0.0,0.9,16.92678200015507,0.8772999999999999,False,500
False,0.4,True,300,highway,CAUTION,moderate,fabrication,10.0,0.23000000000000004,0.23000000000000004,0.5399999999999999,3,0,s101_fabrication_500v_40pct_moderate_highway_1571,1672,0.0,0.9,15.442911000718595,0.8772999999999999,True,500
False,0.4,True,300,highway,CAUTION,moderate,fabrication,10.0,0.23000000000000004,0.23000000000000004,0.5399999999999999,4,0,s101_fabrication_500v_40pct_moderate_highway_1571,1672,0.0,0.9,16.2390459991002,0.8772999999999999,True,500
False,0.4,True,300,highway,CAUTION,moderate,fabrication,10.0,0.23000000000000004,0.23000000000000004,0.5399999999999999,5,0,s101_fabrication_500v_40pct_moderate_highway_1571,1672,0.0,0.9,15.29796099930536,0.8772999999999999,True,500
False,0.4,True,300,highway,CAUTION,moderate,fabrication,10.0,0.23000000000000004,0.23000000000000004,0.5399999999999999,6,0,s101_fabrication_500v_40pct_moderate_highway_1571,1672,0.0,0.9,17.277430000831373,0.8772999999999999,False,500
False,0.4,True,300,highway,CAUTION,moderate,fabrication,10.0,0.23000000000000004,0.23000000000000004,0.5399999999999999,7,0,s101_fabrication_500v_40pct_moderate_highway_1571,1672,0.0,0.9,25.686302999019972,0.8772999999999999,True,500
False,0.4,True,300,highway,CAUTION,moderate,fabrication,10.0,0.23000000000000004,0.23000000000000004,0.5399999999999999,8,0,s101_fabrication_500v_40pct_moderate_highway_1571,1672,0.0,0.9,17.709233999994467,0.8772999999999999,True,500
False,0.4,True,300,highway,CAUTION,moderate,fabrication,10.0,0.23000000000000004,0.23000000000000004,0.5399999999999999,9,0,s101_fabrication_500v_40pct_moderate_highway_1571,1672,0.0,0.9,20.997151999836206,0.8772999999999999,False,500
False,0.4,True,300,highway,CAUTION,moderate,fabrication,10.0,0.23000000000000004,0.23000000000000004,0.5399999999999999,10,0,s101_fabrication_500v_40pct_moderate_highway_1571,1672,0.0,0.9,20.862446999672102,0.8772999999999999,False,500
False,0.4,True,300,highway,CAUTION,moderate,fabrication,10.0,0.23000000000000004,0.23000000000000004,0.5399999999999999,11,0,s101_fabrication_500v_40pct_moderate_highway_1571,1672,0.0,0.9,18.94155999980285,0.8772999999999999,False,500
False,0.2,True,300,urban,CAUTION,dense,fabrication,10.0,0.23000000000000004,0.23000000000000004,0.5399999999999999,0,0,s101_fabrication_1000v_20pct_dense_urban_1753,1854,0.0,0.9,29.997666000781464,0.8772999999999999,False,1000
False,0.2,True,300,urban,CAUTION,dense,fabrication,10.0,0.146,0.146,0.708,1,0,s101_fabrication_1000v_20pct_dense_urban_1753,1854,0.0,0.9,20.208537000144133,0.9184599999999999,True,1000
False,0.2,True,300,urban,CAUTION,dense,fabrication,10.0,0.23000000000000004,0.23000000000000004,0.5399999999999999,2,0,s101_fabrication_1000v_20pct_dense_urban_1753,1854,0.0,0.9,23.536737000540597,0.8772999999999999,False,1000
False,0.2,True,300,urban,CAUTION,dense,fabrication,10.0,0.23000000000000004,0.23000000000000004,0.5399999999999999,3,0,s101_fabrication_1000v_20pct_dense_urban_1753,1854,0.0,0.9,21.21946800070873,0.8772999999999999,True,1000
False,0.2,True,300,urban,CAUTION,dense,fabrication,10.0,0.23000000000000004,0.23000000000000004,0.5399999999999999,4,0,s101_fabrication_1000v_20pct_dense_urban_1753,1854,0.0,0.9,18.25578699936159,0.8772999999999999,False,1000
False,0.2,True,300,urban,CAUTION,dense,fabrication,10.0,0.23000000000000004,0.23000000000000004,0.5399999999999999,5,0,s101_fabrication_1000v_20pct_dense_urban_1753,1854,0.0,0.9,17.13139800085628,0.8772999999999999,False,1000
False,0.2,True,300,urban,CAUTION,dense,fabrication,10.0,0.23000000000000004,0.23000000000000004,0.5399999999999999,6,0,s101_fabrication_1000v_20pct_dense_urban_1753,1854,0.0,0.9,19.346683000549092,0.8772999999999999,False,1000
False,0.2,True,300,urban,CAUTION,dense,fabrication,10.0,0.23000000000000004,0.23000000000000004,0.5399999999999999,7,0,s101_fabrication_1000v_20pct_dense_urban_1753,1854,0.0,0.9,28.82708299875958,0.8772999999999999,True,1000
False,0.2,True,300,urban,CAUTION,dense,fabrication,10.0,0.23000000000000004,0.23000000000000004,0.5399999999999999,8,0,s101_fabrication_1000v_20pct_dense_urban_1753,1854,0.0,0.9,19.563458999982686,0.8772999999999999,False,1000
False,0.2,True,300,urban,CAUTION,dense,fabrication,10.0,0.23000000000000004,0.23000000000000004,0.5399999999999999,9,0,s101_fabrication_1000v_20pct_dense_urban_1753,1854,0.0,0.9,20.465362000322784,0.8772999999999999,True,1000
False,0.2,True,300,urban,CAUTION,dense,fabrication,10.0,0.23000000000000004,0.23000000000000004,0.5399999999999999,10,0,s101_fabrication_1000v_20pct_dense_urban_1753,1854,0.0,0.9,35.80273700026737,0.8772999999999999,False,1000
False,0.2,True,300,urban,CAUTION,dense,fabrication,10.0,0.23000000000000004,0.23000000000000004,0.5399999999999999,11,0,s101_fabrication_1000v_20pct_dense_urban_1753,1854,0.0,0.9,25.58793800017156,0.8772999999999999,False,1000
False,0.1,True,300,highway,CAUTION,dense,benign,10.0,0.23000000000000004,0.23000000000000004,0.5399999999999999,0,0,s101_benign_1000v_10pct_dense_highway_1673,1774,0.0,0.9,19.400316999963252,0.8772999999999999,False,1000
False,0.1,True,300,highway,CAUTION,dense,benign,10.0,0.146,0.146,0.708,1,0,s101_benign_1000v_10pct_dense_highway_1673,1774,0.0,0.9,17.683123000097112,0.9184599999999999,False,1000
False,0.1,True,300,highway,CAUTION,dense,benign,10.0,0.23000000000000004,0.23000000000000004,0.5399999999999999,2,0,s101_benign_1000v_10pct_dense_highway_1673,1774,0.0,0.9,18.169428998589865,0.8772999999999999,False,1000
False,0.1,True,300,highway,CAUTION,dense,benign,10.0,0.23000000000000004,0.23000000000000004,0.5399999999999999,3,0,s101_benign_1000v_10pct_dense_highway_1673,1774,0.0,0.9,16.061731999798212,0.8772999999999999,False,1000
False,0.1,True,300,highway,CAUTION,dense,benign,10.0,0.23000000000000004,0.23000000000000004,0.5399999999999999,4,0,s101_benign_1000v_10pct_dense_highway_1673,1774,0.0,0.9,22.944275000554626,0.8772999999999999,False,1000
False,0.1,True,300,highway,CAUTION,dense,benign,10.0,0.23000000000000004,0.23000000000000004,0.5399999999999999,5,0,s101_benign_1000v_10pct_dense_highway_1673,1774,0.0,0.9,34.656033998544444,0.8772999999999999,False,1000
False,0.1,True,300,highway,CAUTION,dense,benign,10.0,0.23000000000000004,0.23000000000000004,0.5399999999999999,6,0,s101_benign_1000v_10pct_dense_highway_1673,1774,0.0,0.9,39.056304000041564,0.8772999999999999,False,1000
False,0.1,True,300,highway,CAUTION,dense,benign,10.0,0.23000000000000004,0.23000000000000004,0.5399999999999999,7,0,s101_benign_1000v_10pct_dense_highway_1673,1774,0.0,0.9,19.858504998410353,0.8772999999999999,False,1000
False,0.1,True,300,highway,CAUTION,dense,benign,10.0,0.23000000000000004,0.23000000000000004,0.5399999999999999,8,0,s101_benign_1000v_10pct_dense_highway_1673,1774,0.0,0.9,20.453334000194445,0.8772999999999999,False,1000
False,0.1,True,300,highway,CAUTION,dense,benign,10.0,0.23000000000000004,0.23000000000000004,0.5399999999999999,9,0,s101_benign_1000v_10pct_dense_highway_1673,1774,0.0,0.9,29.172585998821887,0.8772999999999999,False,1000
False,0.1,True,300,highway,CAUTION,dense,benign,10.0,0.23000000000000004,0.23000000000000004,0.5399999999999999,10,0,s101_benign_1000v_10pct_dense_highway_1673,1774,0.0,0.9,18.533258999013924,0.8772999999999999,False,1000
False,0.1,True,300,highway,CAUTION,dense,benign,10.0,0.23000000000000004,0.23000000000000004,0.5399999999999999,11,0,s101_benign_1000v_10pct_dense_highway_1673,1774,0.0,0.9,20.08619899970654,0.8772999999999999,False,1000
False,0.1,True,300,urban,CAUTION,moderate,fabrication,10.0,0.23000000000000004,0.23000000000000004,0.5399999999999999,0,0,s101_fabrication_1000v_10pct_moderate_urban_1705,1806,0.0,0.9,25.06234500106075,0.8772999999999999,False,1000
False,0.1,True,300,urban,CAUTION,moderate,fabrication,10.0,0.146,0.146,0.708,1,0,s101_fabrication_1000v_10pct_moderate_urban_1705,1806,0.0,0.9,18.9740059995529,0.9184599999999999,False,1000
False,0.1,True,300,urban,CAUTION,moderate,fabrication,10.0,0.23000000000000004,0.23000000000000004,0.5399999999999999,2,0,s101_fabrication_1000v_10pct_moderate_urban_1705,1806,0.0,0.9,22.196355999767547,0.8772999999999999,False,1000
False,0.1,True,300,urban,CAUTION,moderate,fabrication,10.0,0.23000000000000004,0.23000000000000004,0.5399999999999999,3,0,s101_fabrication_1000v_10pct_moderate_urban_1705,1806,0.0,0.9,18.63795800090884,0.8772999999999999,False,1000
False,0.1,True,300,urban,CAUTION,moderate,fabrication,10.0,0.23000000000000004,0.23000000000000004,0.5399999999999999,4,0,s101_fabrication_1000v_10pct_moderate_urban_1705,1806,0.0,0.9,23.149959000875242,0.8772999999999999,False,1000
False,0.1,True,300,urban,CAUTION,moderate,fabrication,10.0,0.23000000000000004,0.23000000000000004,0.5399999999999999,5,0,s101_fabrication_1000v_10pct_moderate_urban_1705,1806,0.0,0.9,17.873217000669683,0.8772999999999999,False,1000
False,0.1,True,300,urban,CAUTION,moderate,fabrication,10.0,0.23000000000000004,0.23000000000000004,0.5399999999999999,6,0,s101_fabrication_1000v_10pct_moderate_urban_1705,1806,0.0,0.9,21.295515000019805,0.8772999999999999,True,1000
False,0.1,True,300,urban,CAUTION,moderate,fabrication,10.0,0.23000000000000004,0.23000000000000004,0.5399999999999999,7,0,s101_fabrication_1000v_10pct_moderate_urban_1705,1806,0.0,0.9,21.282957999574137,0.8772999999999999,True,1000
False,0.1,True,300,urban,CAUTION,moderate,fabrication,10.0,0.23000000000000004,0.23000000000000004,0.5399999999999999,8,0,s101_fabrication_1000v_10pct_moderate_urban_1705,1806,0.0,0.9,19.953496999733034,0.8772999999999999,False,1000
False,0.1,True,300,urban,CAUTION,moderate,fabrication,10.0,0.23000000000000004,0.23000000000000004,0.5399999999999999,9,0,s101_fabrication_1000v_10pct_moderate_urban_1705,1806,0.0,0.9,21.52315099920088,0.8772999999999999,True,1000
False,0.1,True,300,urban,CAUTION,moderate,fabrication,10.0,0.23000000000000004,0.23000000000000004,0.5399999999999999,10,0,s101_fabrication_1000v_10pct_moderate_urban_1705,1806,0.0,0.9,18.10835899959784,0.8772999999999999,False,1000
False,0.1,True,300,urban,CAUTION,moderate,fabrication,10.0,0.23000000000000004,0.23000000000000004,0.5399999999999999,11,0,s101_fabrication_1000v_10pct_moderate_urban_1705,1806,0.0,0.9,21.39610599988373,0.8772999999999999,False,1000
False,0.01,True,300,highway,CAUTION,moderate,collusion,10.0,0.23000000000000004,0.23000000000000004,0.5399999999999999,0,0,s101_collusion_1000v_1pct_moderate_highway_1607,1708,0.0,0.9,19.741813999644364,0.8772999999999999,False,1000
False,0.01,True,300,highway,CAUTION,moderate,collusion,10.0,0.146,0.146,0.708,1,0,s101_collusion_1000v_1pct_moderate_highway_1607,1708,0.0,0.9,23.654520999116357,0.9184599999999999,False,1000
False,0.01,True,300,highway,CAUTION,moderate,collusion,10.0,0.23000000000000004,0.23000000000000004,0.5399999999999999,2,0,s101_collusion_1000v_1pct_moderate_highway_1607,1708,0.0,0.9,26.498841998545686,0.8772999999999999,False,1000
False,0.01,True,300,highway,CAUTION,moderate,collusion,10.0,0.23000000000000004,0.23000000000000004,0.5399999999999999,3,0,s101_collusion_1000v_1pct_moderate_highway_1607,1708,0.0,0.9,22.86481599912804,0.8772999999999999,False,1000
False,0.01,True,300,highway,CAUTION,moderate,collusion,10.0,0.23000000000000004,0.23000000000000004,0.5399999999999999,4,0,s101_collusion_1000v_1pct_moderate_highway_1607,1708,0.0,0.9,26.22269099992991,0.8772999999999999,False,1000
False,0.01,True,300,highway,CAUTION,moderate,collusion,10.0,0.23000000000000004,0.23000000000000004,0.5399999999999999,5,0,s101_collusion_1000v_1pct_moderate_highway_1607,1708,0.0,0.9,30.354161999639473,0.8772999999999999,False,1000
False,0.01,True,300,highway,CAUTION,moderate,collusion,10.0,0.23000000000000004,0.23000000000000004,0.5399999999999999,6,0,s101_collusion_1000v_1pct_moderate_highway_1607,1708,0.0,0.9,28.11738699892885,0.8772999999999999,False,1000
False,0.01,True,300,highway,CAUTION,moderate,collusion,10.0,0.23000000000000004,0.23000000000000004,0.5399999999999999,7,0,s101_collusion_1000v_1pct_moderate_highway_1607,1708,0.0,0.9,23.32161100093799,0.8772999999999999,False,1000
False,0.01,True,300,highway,CAUTION,moderate,collusion,10.0,0.23000000000000004,0.23000000000000004,0.5399999999999999,8,0,s101_collusion_1000v_1pct_moderate_highway_1607,1708,0.0,0.9,26.124611000341247,0.8772999999999999,False,1000
False,0.01,True,300,highway,CAUTION,moderate,collusion,10.0,0.23000000000000004,0.23000000000000004,0.5399999999999999,9,0,s101_collusion_1000v_1pct_moderate_highway_1607,1708,0.0,0.9,40.714386999752605,0.8772999999999999,False,1000
False,0.01,True,300,highway,CAUTION,moderate,collusion,10.0,0.23000000000000004,0.23000000000000004,0.5399999999999999,10,0,s101_collusion_1000v_1pct_moderate_highway_1607,1708,0.0,0.9,19.250223000199185,0.8772999999999999,False,1000
False,0.01,True,300,highway,CAUTION,moderate,collusion,10.0,0.23000000000000004,0.23000000000000004,0.5399999999999999,11,0,s101_collusion_1000v_1pct_moderate_highway_1607,1708,0.0,0.9,33.71022700048343,0.8772999999999999,False,1000
False,0.2,True,300,rural,CAUTION,moderate,replay,10.0,0.23000000000000004,0.23000000000000004,0.5399999999999999,0,0,s101_replay_250v_20pct_moderate_rural_1275,1376,0.0,0.9,18.42048800062912,0.8772999999999999,False,250
False,0.2,True,300,rural,CAUTION,moderate,replay,10.0,0.146,0.146,0.708,1,0,s101_replay_250v_20pct_moderate_rural_1275,1376,0.0,0.9,19.034670998735237,0.9184599999999999,False,250
False,0.2,True,300,rural,CAUTION,moderate,replay,10.0,0.23000000000000004,0.23000000000000004,0.5399999999999999,2,0,s101_replay_250v_20pct_moderate_rural_1275,1376,0.0,0.9,18.814236998878187,0.8772999999999999,False,250
False,0.2,True,300,rural,CAUTION,moderate,replay,10.0,0.23000000000000004,0.23000000000000004,0.5399999999999999,3,0,s101_replay_250v_20pct_moderate_rural_1275,1376,0.0,0.9,18.36741099941719,0.8772999999999999,True,250
False,0.2,True,300,rural,CAUTION,moderate,replay,10.0,0.23000000000000004,0.23000000000000004,0.5399999999999999,4,0,s101_replay_250v_20pct_moderate_rural_1275,1376,0.0,0.9,21.164124000279116,0.8772999999999999,False,250
False,0.2,True,300,rural,CAUTION,moderate,replay,10.0,0.23000000000000004,0.23000000000000004,0.5399999999999999,5,0,s101_replay_250v_20pct_moderate_rural_1275,1376,0.0,0.9,21.167740998862428,0.8772999999999999,True,250
False,0.2,True,300,rural,CAUTION,moderate,replay,10.0,0.23000000000000004,0.23000000000000004,0.5399999999999999,6,0,s101_replay_250v_20pct_moderate_rural_1275,1376,0.0,0.9,29.392202000963152,0.8772999999999999,True,250
False,0.2,True,300,rural,CAUTION,moderate,replay,10.0,0.23000000000000004,0.23000000000000004,0.5399999999999999,7,0,s101_replay_250v_20pct_moderate_rural_1275,1376,0.0,0.9,37.20393399999011,0.8772999999999999,False,250
False,0.2,True,300,rural,CAUTION,moderate,replay,10.0,0.23000000000000004,0.23000000000000004,0.5399999999999999,8,0,s101_replay_250v_20pct_moderate_rural_1275,1376,0.0,0.9,19.523216999004944,0.8772999999999999,False,250
False,0.2,True,300,rural,CAUTION,moderate,replay,10.0,0.23000000000000004,0.23000000000000004,0.5399999999999999,9,0,s101_replay_250v_20pct_moderate_rural_1275,1376,0.0,0.9,26.7921929989825,0.8772999999999999,True,250
False,0.2,True,300,rural,CAUTION,moderate,replay,10.0,0.23000000000000004,0.23000000000000004,0.5399999999999999,10,0,s101_replay_250v_20pct_moderate_rural_1275,1376,0.0,0.9,21.973472999889054,0.8772999999999999,False,250
False,0.2,True,300,rural,CAUTION,moderate,replay,10.0,0.23000000000000004,0.23000000000000004,0.5399999999999999,11,0,s101_replay_250v_20pct_moderate_rural_1275,1376,0.0,0.9,23.576744000820327,0.8772999999999999,True,250
False,0.05,True,300,highway,CAUTION,dense,replay,10.0,0.23000000000000004,0.23000000000000004,0.5399999999999999,0,0,s101_replay_1000v_5pct_dense_highway_1637,1738,0.0,0.9,21.46597699902486,0.8772999999999999,False,1000
False,0.05,True,300,highway,CAUTION,dense,replay,10.0,0.146,0.146,0.708,1,0,s101_replay_1000v_5pct_dense_highway_1637,1738,0.0,0.9,18.113624000761774,0.9184599999999999,False,1000
False,0.05,True,300,highway,CAUTION,dense,replay,10.0,0.23000000000000004,0.23000000000000004,0.5399999999999999,2,0,s101_replay_1000v_5pct_dense_highway_1637,1738,0.0,0.9,24.419350000243867,0.8772999999999999,False,1000
False,0.05,True,300,highway,CAUTION,dense,replay,10.0,0.23000000000000004,0.23000000000000004,0.5399999999999999,3,0,s101_replay_1000v_5pct_dense_highway_1637,1738,0.0,0.9,34.36266799872101,0.8772999999999999,False,1000
False,0.05,True,300,highway,CAUTION,dense,replay,10.0,0.23000000000000004,0.23000000000000004,0.5399999999999999,4,0,s101_replay_1000v_5pct_dense_highway_1637,1738,0.0,0.9,20.222192999426625,0.8772999999999999,False,1000
False,0.05,True,300,highway,CAUTION,dense,replay,10.0,0.23000000000000004,0.23000000000000004,0.5399999999999999,5,0,s101_replay_1000v_5pct_dense_highway_1637,1738,0.0,0.9,18.423453000650625,0.8772999999999999,False,1000
False,0.05,True,300,highway,CAUTION,dense,replay,10.0,0.23000000000000004,0.23000000000000004,0.5399999999999999,6,0,s101_replay_1000v_5pct_dense_highway_1637,1738,0.0,0.9,33.1292980008584,0.8772999999999999,False,1000
False,0.05,True,300,highway,CAUTION,dense,replay,10.0,0.23000000000000004,0.23000000000000004,0.5399999999999999,7,0,s101_replay_1000v_5pct_dense_highway_1637,1738,0.0,0.9,21.920971001236467,0.8772999999999999,False,1000
False,0.05,True,300,highway,CAUTION,dense,replay,10.0,0.23000000000000004,0.23000000000000004,0.5399999999999999,8,0,s101_replay_1000v_5pct_dense_highway_1637,1738,0.0,0.9,23.368086000118637,0.8772999999999999,False,1000
False,0.05,True,300,highway,CAUTION,dense,replay,10.0,0.23000000000000004,0.23000000000000004,0.5399999999999999,9,0,s101_replay_1000v_5pct_dense_highway_1637,1738,0.0,0.9,23.21360699897923,0.8772999999999999,False,1000
False,0.05,True,300,highway,CAUTION,dense,replay,10.0,0.23000000000000004,0.23000000000000004,0.5399999999999999,10,0,s101_replay_1000v_5pct_dense_highway_1637,1738,0.0,0.9,36.20817699993495,0.8772999999999999,False,1000
False,0.05,True,300,highway,CAUTION,dense,replay,10.0,0.23000000000000004,0.23000000000000004,0.5399999999999999,11,0,s101_replay_1000v_5pct_dense_highway_1637,1738,0.0,0.9,19.452250000540516,0.8772999999999999,False,1000
False,0.05,True,300,rural,CAUTION,moderate,fabrication,10.0,0.23000000000000004,0.23000000000000004,0.5399999999999999,0,0,s101_fabrication_5v_5pct_moderate_rural_87,188,0.0,0.9,20.13696200083359,0.8772999999999999,False,5
False,0.05,True,300,rural,CAUTION,moderate,fabrication,10.0,0.146,0.146,0.708,1,0,s101_fabrication_5v_5pct_moderate_rural_87,188,0.0,0.9,26.30144199974893,0.9184599999999999,True,5
False,0.05,True,300,rural,CAUTION,moderate,fabrication,10.0,0.23000000000000004,0.23000000000000004,0.5399999999999999,2,0,s101_fabrication_5v_5pct_moderate_rural_87,188,0.0,0.9,25.720587000250816,0.8772999999999999,False,5
False,0.05,True,300,rural,CAUTION,moderate,fabrication,10.0,0.23000000000000004,0.23000000000000004,0.5399999999999999,3,0,s101_fabrication_5v_5pct_moderate_rural_87,188,0.0,0.9,22.049555000194232,0.8772999999999999,False,5
False,0.05,True,300,rural,CAUTION,moderate,fabrication,10.0,0.23000000000000004,0.23000000000000004,0.5399999999999999,4,0,s101_fabrication_5v_5pct_moderate_rural_87,188,0.0,0.9,20.78132899987395,0.8772999999999999,False,5
False,0.05,True,300,rural,CAUTION,moderate,fabrication,10.0,0.28234040040722175,0.28234040040722175,0.4353191991855565,5,0,s101_fabrication_5v_5pct_moderate_rural_87,188,0.0,0.9,21.273771999403834,0.8516532038004614,False,5
False,0.05,True,300,rural,CAUTION,moderate,fabrication,10.0,0.28234040040722175,0.28234040040722175,0.4353191991855565,6,0,s101_fabrication_5v_5pct_moderate_rural_87,188,0.0,0.9,41.976833999797236,0.8516532038004614,False,5
False,0.05,True,300,rural,CAUTION,moderate,fabrication,10.0,0.28234040040722175,0.28234040040722175,0.4353191991855565,7,0,s101_fabrication_5v_5pct_moderate_rural_87,188,0.0,0.9,24.625387000924093,0.8516532038004614,False,5
False,0.05,True,300,rural,CAUTION,moderate,fabrication,10.0,0.28234040040722175,0.28234040040722175,0.4353191991855565,8,0,s101_fabrication_5v_5pct_moderate_rural_87,188,0.0,0.9,26.45187099915347,0.8516532038004614,True,5
False,0.05,True,300,rural,CAUTION,moderate,fabrication,10.0,0.28234040040722175,0.28234040040722175,0.4353191991855565,9,0,s101_fabrication_5v_5pct_moderate_rural_87,188,0.0,0.9,35.712696999326,0.8516532038004614,False,5
False,0.05,True,300,rural,CAUTION,moderate,fabrication,10.0,0.32955907188933053,0.32955907188933053,0.34088185622133893,10,0,s101_fabrication_5v_5pct_moderate_rural_87,188,0.0,0.9,34.22289300033299,0.8285160547742281,True,5
False,0.05,True,300,rural,CAUTION,moderate,fabrication,10.0,0.32955907188933053,0.32955907188933053,0.34088185622133893,11,0,s101_fabrication_5v_5pct_moderate_rural_87,188,0.0,0.9,20.252115000403137,0.8285160547742281,False,5
False,0.1,True,300,highway,CAUTION,moderate,benign,10.0,0.23000000000000004,0.23000000000000004,0.5399999999999999,0,0,s101_benign_10v_10pct_moderate_highway_320,421,0.0,0.9,21.862245999727747,0.8772999999999999,False,10
False,0.1,True,300,highway,CAUTION,moderate,benign,10.0,0.146,0.146,0.708,1,0,s101_benign_10v_10pct_moderate_highway_320,421,0.0,0.9,23.285135999685735,0.9184599999999999,False,10
False,0.1,True,300,highway,CAUTION,moderate,benign,10.0,0.23000000000000004,0.23000000000000004,0.5399999999999999,2,0,s101_benign_10v_10pct_moderate_highway_320,421,0.0,0.9,17.061381000530673,0.8772999999999999,False,10
False,0.1,True,300,highway,CAUTION,moderate,benign,10.0,0.23000000000000004,0.23000000000000004,0.5399999999999999,3,0,s101_benign_10v_10pct_moderate_highway_320,421,0.0,0.9,28.598354001587722,0.8772999999999999,False,10
False,0.1,True,300,highway,CAUTION,moderate,benign,10.0,0.23000000000000004,0.23000000000000004,0.5399999999999999,4,0,s101_benign_10v_10pct_moderate_highway_320,421,0.0,0.9,22.30625999982294,0.8772999999999999,False,10
False,0.1,True,300,highway,CAUTION,moderate,benign,10.0,0.23000000000000004,0.23000000000000004,0.5399999999999999,5,0,s101_benign_10v_10pct_moderate_highway_320,421,0.0,0.9,21.069357000669697,0.8772999999999999,False,10
False,0.1,True,300,highway,CAUTION,moderate,benign,10.0,0.23000000000000004,0.23000000000000004,0.5399999999999999,6,0,s101_benign_10v_10pct_moderate_highway_320,421,0.0,0.9,21.11772900025244,0.8772999999999999,False,10
False,0.1,True,300,highway,CAUTION,moderate,benign,10.0,0.23000000000000004,0.23000000000000004,0.5399999999999999,7,0,s101_benign_10v_10pct_moderate_highway_320,421,0.0,0.9,23.758378001730307,0.8772999999999999,False,10
False,0.1,True,300,highway,CAUTION,moderate,benign,10.0,0.23000000000000004,0.23000000000000004,0.5399999999999999,8,0,s101_benign_10v_10pct_moderate_highway_320,421,0.0,0.9,21.59053099967423,0.8772999999999999,False,10
False,0.1,True,300,highway,CAUTION,moderate,benign,10.0,0.23000000000000004,0.23000000000000004,0.5399999999999999,9,0,s101_benign_10v_10pct_moderate_highway_320,421,0.0,0.9,21.910110001044814,0.8772999999999999,False,10
False,0.1,True,300,highway,CAUTION,moderate,benign,10.0,0.28234040040722175,0.28234040040722175,0.4353191991855565,10,0,s101_benign_10v_10pct_moderate_highway_320,421,0.0,0.9,32.99141699972097,0.8516532038004614,False,10
False,0.1,True,300,highway,CAUTION,moderate,benign,10.0,0.28234040040722175,0.28234040040722175,0.4353191991855565,11,0,s101_benign_10v_10pct_moderate_highway_320,421,0.0,0.9,29.016710999712814,0.8516532038004614,False,10
False,0.4,True,300,urban,CAUTION,moderate,fabrication,10.0,0.23000000000000004,0.23000000000000004,0.5399999999999999,0,0,s101_fabrication_250v_40pct_moderate_urban_1345,1446,0.0,0.9,21.102135000546696,0.8772999999999999,True,250
False,0.4,True,300,urban,CAUTION,moderate,fabrication,10.0,0.146,0.146,0.708,1,0,s101_fabrication_250v_40pct_moderate_urban_1345,1446,0.0,0.9,17.70570000007865,0.9184599999999999,False,250
False,0.4,True,300,urban,CAUTION,moderate,fabrication,10.0,0.23000000000000004,0.23000000000000004,0.5399999999999999,2,0,s101_fabrication_250v_40pct_moderate_urban_1345,1446,0.0,0.9,22.6463960007095,0.8772999999999999,False,250
False,0.4,True,300,urban,CAUTION,moderate,fabrication,10.0,0.23000000000000004,0.23000000000000004,0.5399999999999999,3,0,s101_fabrication_250v_40pct_moderate_urban_1345,1446,0.0,0.9,22.534792999067577,0.8772999999999999,False,250
False,0.4,True,300,urban,CAUTION,moderate,fabrication,10.0,0.23000000000000004,0.23000000000000004,0.5399999999999999,4,0,s101_fabrication_250v_40pct_moderate_urban_1345,1446,0.0,0.9,20.28632699875743,0.8772999999999999,False,250
False,0.4,True,300,urban,CAUTION,moderate,fabrication,10.0,0.23000000000000004,0.23000000000000004,0.5399999999999999,5,0,s101_fabrication_250v_40pct_moderate_urban_1345,1446,0.0,0.9,20.66613100032555,0.8772999999999999,False,250
False,0.4,True,300,urban,CAUTION,moderate,fabrication,10.0,0.23000000000000004,0.23000000000000004,0.5399999999999999,6,0,s101_fabrication_250v_40pct_moderate_urban_1345,1446,0.0,0.9,24.560404001022107,0.8772999999999999,False,250
False,0.4,True,300,urban,CAUTION,moderate,fabrication,10.0,0.23000000000000004,0.23000000000000004,0.5399999999999999,7,0,s101_fabrication_250v_40pct_moderate_urban_1345,1446,0.0,0.9,22.591557000851026,0.8772999999999999,False,250
False,0.4,True,300,urban,CAUTION,moderate,fabrication,10.0,0.23000000000000004,0.23000000000000004,0.5399999999999999,8,0,s101_fabrication_250v_40pct_moderate_urban_1345,1446,0.0,0.9,19.475084000077914,0.8772999999999999,False,250
False,0.4,True,300,urban,CAUTION,moderate,fabrication,10.0,0.23000000000000004,0.23000000000000004,0.5399999999999999,9,0,s101_fabrication_250v_40pct_moderate_urban_1345,1446,0.0,0.9,29.63648600052693,0.8772999999999999,True,250
False,0.4,True,300,urban,CAUTION,moderate,fabrication,10.0,0.23000000000000004,0.23000000000000004,0.5399999999999999,10,0,s101_fabrication_250v_40pct_moderate_urban_1345,1446,0.0,0.9,21.787413001220557,0.8772999999999999,False,250
False,0.4,True,300,urban,CAUTION,moderate,fabrication,10.0,0.23000000000000004,0.23000000000000004,0.5399999999999999,11,0,s101_fabrication_250v_40pct_moderate_urban_1345,1446,0.0,0.9,28.922171999511193,0.8772999999999999,False,250
False,0.01,True,300,rural,CAUTION,dense,fabrication,10.0,0.23000000000000004,0.23000000000000004,0.5399999999999999,0,0,s101_fabrication_100v_1pct_dense_rural_945,1046,0.0,0.9,18.755817000055686,0.8772999999999999,False,100
False,0.01,True,300,rural,CAUTION,dense,fabrication,10.0,0.146,0.146,0.708,1,0,s101_fabrication_100v_1pct_dense_rural_945,1046,0.0,0.9,17.8569020008581,0.9184599999999999,False,100
False,0.01,True,300,rural,CAUTION,dense,fabrication,10.0,0.23000000000000004,0.23000000000000004,0.5399999999999999,2,0,s101_fabrication_100v_1pct_dense_rural_945,1046,0.0,0.9,20.264971999495174,0.8772999999999999,False,100
False,0.01,True,300,rural,CAUTION,dense,fabrication,10.0,0.23000000000000004,0.23000000000000004,0.5399999999999999,3,0,s101_fabrication_100v_1pct_dense_rural_945,1046,0.0,0.9,18.432674998621223,0.8772999999999999,False,100
False,0.01,True,300,rural,CAUTION,dense,fabrication,10.0,0.23000000000000004,0.23000000000000004,0.5399999999999999,4,0,s101_fabrication_100v_1pct_dense_rural_945,1046,0.0,0.9,21.464096000272548,0.8772999999999999,False,100
False,0.01,True,300,rural,CAUTION,dense,fabrication,10.0,0.23000000000000004,0.23000000000000004,0.5399999999999999,5,0,s101_fabrication_100v_1pct_dense_rural_945,1046,0.0,0.9,19.19811900006607,0.8772999999999999,False,100
False,0.01,True,300,rural,CAUTION,dense,fabrication,10.0,0.23000000000000004,0.23000000000000004,0.5399999999999999,6,0,s101_fabrication_100v_1pct_dense_rural_945,1046,0.0,0.9,17.215404001035495,0.8772999999999999,False,100
False,0.01,True,300,rural,CAUTION,dense,fabrication,10.0,0.23000000000000004,0.23000000000000004,0.5399999999999999,7,0,s101_fabrication_100v_1pct_dense_rural_945,1046,0.0,0.9,38.310670001010294,0.8772999999999999,False,100
False,0.01,True,300,rural,CAUTION,dense,fabrication,10.0,0.23000000000000004,0.23000000000000004,0.5399999999999999,8,0,s101_fabrication_100v_1pct_dense_rural_945,1046,0.0,0.9,30.219082000257913,0.8772999999999999,False,100
False,0.01,True,300,rural,CAUTION,dense,fabrication,10.0,0.23000000000000004,0.23000000000000004,0.5399999999999999,9,0,s101_fabrication_100v_1pct_dense_rural_945,1046,0.0,0.9,20.227516999511863,0.8772999999999999,False,100
False,0.01,True,300,rural,CAUTION,dense,fabrication,10.0,0.23000000000000004,0.23000000000000004,0.5399999999999999,10,0,s101_fabrication_100v_1pct_dense_rural_945,1046,0.0,0.9,24.146252999344142,0.8772999999999999,False,100
False,0.01,True,300,rural,CAUTION,dense,fabrication,10.0,0.23000000000000004,0.23000000000000004,0.5399999999999999,11,0,s101_fabrication_100v_1pct_dense_rural_945,1046,0.0,0.9,24.716476000321563,0.8772999999999999,False,100
False,0.4,True,300,highway,CAUTION,dense,sybil,10.0,0.23000000000000004,0.23000000000000004,0.5399999999999999,0,0,s101_sybil_10v_40pct_dense_highway_431,532,0.0,0.9,22.545867999724578,0.8772999999999999,False,10
False,0.4,True,300,highway,CAUTION,dense,sybil,10.0,0.146,0.146,0.708,1,0,s101_sybil_10v_40pct_dense_highway_431,532,0.0,0.9,20.405052999194595,0.9184599999999999,True,10
False,0.4,True,300,highway,CAUTION,dense,sybil,10.0,0.23000000000000004,0.23000000000000004,0.5399999999999999,2,0,s101_sybil_10v_40pct_dense_highway_431,532,0.0,0.9,17.128738998508197,0.8772999999999999,False,10
False,0.4,True,300,highway,CAUTION,dense,sybil,10.0,0.23000000000000004,0.23000000000000004,0.5399999999999999,3,0,s101_sybil_10v_40pct_dense_highway_431,532,0.0,0.9,19.47579300031066,0.8772999999999999,False,10
False,0.4,True,300,highway,CAUTION,dense,sybil,10.0,0.23000000000000004,0.23000000000000004,0.5399999999999999,4,0,s101_sybil_10v_40pct_dense_highway_431,532,0.0,0.9,17.8191799986962,0.8772999999999999,False,10
False,0.4,True,300,highway,CAUTION,dense,sybil,10.0,0.23000000000000004,0.23000000000000004,0.5399999999999999,5,0,s101_sybil_10v_40pct_dense_highway_431,532,0.0,0.9,18.162634998589056,0.8772999999999999,False,10
False,0.4,True,300,highway,CAUTION,dense,sybil,10.0,0.23000000000000004,0.23000000000000004,0.5399999999999999,6,0,s101_sybil_10v_40pct_dense_highway_431,532,0.0,0.9,19.243863000156125,0.8772999999999999,True,10
False,0.4,True,300,highway,CAUTION,dense,sybil,10.0,0.23000000000000004,0.23000000000000004,0.5399999999999999,7,0,s101_sybil_10v_40pct_dense_highway_431,532,0.0,0.9,22.19998799955647,0.8772999999999999,False,10
False,0.4,True,300,highway,CAUTION,dense,sybil,10.0,0.23000000000000004,0.23000000000000004,0.5399999999999999,8,0,s101_sybil_10v_40pct_dense_highway_431,532,0.0,0.9,18.851356000595842,0.8772999999999999,True,10
False,0.4,True,300,highway,CAUTION,dense,sybil,10.0,0.23000000000000004,0.23000000000000004,0.5399999999999999,9,0,s101_sybil_10v_40pct_dense_highway_431,532,0.0,0.9,21.128709999175044,0.8772999999999999,True,10
False,0.4,True,300,highway,CAUTION,dense,sybil,10.0,0.28234040040722175,0.28234040040722175,0.4353191991855565,10,0,s101_sybil_10v_40pct_dense_highway_431,532,0.0,0.9,18.57683299931523,0.8516532038004614,False,10
False,0.4,True,300,highway,CAUTION,dense,sybil,10.0,0.28234040040722175,0.28234040040722175,0.4353191991855565,11,0,s101_sybil_10v_40pct_dense_highway_431,532,0.0,0.9,19.54196099904948,0.8516532038004614,False,10
False,0.05,True,300,urban,CAUTION,sparse,benign,10.0,0.23000000000000004,0.23000000000000004,0.5399999999999999,0,0,s101_benign_10v_5pct_sparse_urban_271,372,0.0,0.9,28.218407000167645,0.8772999999999999,False,10
False,0.05,True,300,urban,CAUTION,sparse,benign,10.0,0.146,0.146,0.708,1,0,s101_benign_10v_5pct_sparse_urban_271,372,0.0,0.9,23.675848000493716,0.9184599999999999,False,10
False,0.05,True,300,urban,CAUTION,sparse,benign,10.0,0.23000000000000004,0.23000000000000004,0.5399999999999999,2,0,s101_benign_10v_5pct_sparse_urban_271,372,0.0,0.9,25.30988000034995,0.8772999999999999,False,10
False,0.05,True,300,urban,CAUTION,sparse,benign,10.0,0.23000000000000004,0.23000000000000004,0.5399999999999999,3,0,s101_benign_10v_5pct_sparse_urban_271,372,0.0,0.9,26.949791999868467,0.8772999999999999,False,10
False,0.05,True,300,urban,CAUTION,sparse,benign,10.0,0.23000000000000004,0.23000000000000004,0.5399999999999999,4,0,s101_benign_10v_5pct_sparse_urban_271,372,0.0,0.9,20.697762000054354,0.8772999999999999,False,10
False,0.05,True,300,urban,CAUTION,sparse,benign,10.0,0.23000000000000004,0.23000000000000004,0.5399999999999999,5,0,s101_benign_10v_5pct_sparse_urban_271,372,0.0,0.9,19.337876001372933,0.8772999999999999,False,10
False,0.05,True,300,urban,CAUTION,sparse,benign,10.0,0.23000000000000004,0.23000000000000004,0.5399999999999999,6,0,s101_benign_10v_5pct_sparse_urban_271,372,0.0,0.9,25.37558100084425,0.8772999999999999,False,10
False,0.05,True,300,urban,CAUTION,sparse,benign,10.0,0.23000000000000004,0.23000000000000004,0.5399999999999999,7,0,s101_benign_10v_5pct_sparse_urban_271,372,0.0,0.9,27.695617000063066,0.8772999999999999,False,10
False,0.05,True,300,urban,CAUTION,sparse,benign,10.0,0.23000000000000004,0.23000000000000004,0.5399999999999999,8,0,s101_benign_10v_5pct_sparse_urban_271,372,0.0,0.9,36.71040699919104,0.8772999999999999,False,10
False,0.05,True,300,urban,CAUTION,sparse,benign,10.0,0.23000000000000004,0.23000000000000004,0.5399999999999999,9,0,s101_benign_10v_5pct_sparse_urban_271,372,0.0,0.9,23.44209000148112,0.8772999999999999,False,10
False,0.05,True,300,urban,CAUTION,sparse,benign,10.0,0.28234040040722175,0.28234040040722175,0.4353191991855565,10,0,s101_benign_10v_5pct_sparse_urban_271,372,0.0,0.9,20.545133998894016,0.8516532038004614,False,10
False,0.05,True,300,urban,CAUTION,sparse,benign,10.0,0.28234040040722175,0.28234040040722175,0.4353191991855565,11,0,s101_benign_10v_5pct_sparse_urban_271,372,0.0,0.9,19.342638999660267,0.8516532038004614,False,10
False,0.05,True,300,highway,CAUTION,moderate,benign,10.0,0.23000000000000004,0.23000000000000004,0.5399999999999999,0,0,s101_benign_5v_5pct_moderate_highway_50,151,0.0,0.9,29.402022999420296,0.8772999999999999,False,5
False,0.05,True,300,highway,CAUTION,moderate,benign,10.0,0.146,0.146,0.708,1,0,s101_benign_5v_5pct_moderate_highway_50,151,0.0,0.9,17.3096490016178,0.9184599999999999,False,5
False,0.05,True,300,highway,CAUTION,moderate,benign,10.0,0.23000000000000004,0.23000000000000004,0.5399999999999999,2,0,s101_benign_5v_5pct_moderate_highway_50,151,0.0,0.9,20.530581001366954,0.8772999999999999,False,5
False,0.05,True,300,highway,CAUTION,moderate,benign,10.0,0.23000000000000004,0.23000000000000004,0.5399999999999999,3,0,s101_benign_5v_5pct_moderate_highway_50,151,0.0,0.9,18.382696000116994,0.8772999999999999,False,5
False,0.05,True,300,highway,CAUTION,moderate,benign,10.0,0.23000000000000004,0.23000000000000004,0.5399999999999999,4,0,s101_benign_5v_5pct_moderate_highway_50,151,0.0,0.9,20.20548200016492,0.8772999999999999,False,5
False,0.05,True,300,highway,CAUTION,moderate,benign,10.0,0.28234040040722175,0.28234040040722175,0.4353191991855565,5,0,s101_benign_5v_5pct_moderate_highway_50,151,0.0,0.9,20.073130001037498,0.8516532038004614,False,5
False,0.05,True,300,highway,CAUTION,moderate,benign,10.0,0.28234040040722175,0.28234040040722175,0.4353191991855565,6,0,s101_benign_5v_5pct_moderate_highway_50,151,0.0,0.9,22.361469000315992,0.8516532038004614,False,5
False,0.05,True,300,highway,CAUTION,moderate,benign,10.0,0.28234040040722175,0.28234040040722175,0.4353191991855565,7,0,s101_benign_5v_5pct_moderate_highway_50,151,0.0,0.9,22.604038000281435,0.8516532038004614,False,5
False,0.05,True,300,highway,CAUTION,moderate,benign,10.0,0.28234040040722175,0.28234040040722175,0.4353191991855565,8,0,s101_benign_5v_5pct_moderate_highway_50,151,0.0,0.9,27.192110999749275,0.8516532038004614,False,5
False,0.05,True,300,highway,CAUTION,moderate,benign,10.0,0.28234040040722175,0.28234040040722175,0.4353191991855565,9,0,s101_benign_5v_5pct_moderate_highway_50,151,0.0,0.9,31.776534000528045,0.8516532038004614,False,5
False,0.05,True,300,highway,CAUTION,moderate,benign,10.0,0.32955907188933053,0.32955907188933053,0.34088185622133893,10,0,s101_benign_5v_5pct_moderate_highway_50,151,0.0,0.9,20.29304400093679,0.8285160547742281,False,5
False,0.05,True,300,highway,CAUTION,moderate,benign,10.0,0.32955907188933053,0.32955907188933053,0.34088185622133893,11,0,s101_benign_5v_5pct_moderate_highway_50,151,0.0,0.9,18.82469299926015,0.8285160547742281,False,5
False,0.05,True,300,rural,CAUTION,moderate,collusion,10.0,0.23000000000000004,0.23000000000000004,0.5399999999999999,0,0,s101_collusion_100v_5pct_moderate_rural_978,1079,0.0,0.9,32.901161999689066,0.8772999999999999,False,100
False,0.05,True,300,rural,CAUTION,moderate,collusion,10.0,0.146,0.146,0.708,1,0,s101_collusion_100v_5pct_moderate_rural_978,1079,0.0,0.9,16.520591998414602,0.9184599999999999,False,100
False,0.05,True,300,rural,CAUTION,moderate,collusion,10.0,0.23000000000000004,0.23000000000000004,0.5399999999999999,2,0,s101_collusion_100v_5pct_moderate_rural_978,1079,0.0,0.9,18.480174001524574,0.8772999999999999,False,100
False,0.05,True,300,rural,CAUTION,moderate,collusion,10.0,0.23000000000000004,0.23000000000000004,0.5399999999999999,3,0,s101_collusion_100v_5pct_moderate_rural_978,1079,0.0,0.9,16.36290399983409,0.8772999999999999,False,100
False,0.05,True,300,rural,CAUTION,moderate,collusion,10.0,0.23000000000000004,0.23000000000000004,0.5399999999999999,4,0,s101_collusion_100v_5pct_moderate_rural_978,1079,0.0,0.9,23.012084000583855,0.8772999999999999,False,100
False,0.05,True,300,rural,CAUTION,moderate,collusion,10.0,0.23000000000000004,0.23000000000000004,0.5399999999999999,5,0,s101_collusion_100v_5pct_moderate_rural_978,1079,0.0,0.9,20.28967099977308,0.8772999999999999,False,100
False,0.05,True,300,rural,CAUTION,moderate,collusion,10.0,0.23000000000000004,0.23000000000000004,0.5399999999999999,6,0,s101_collusion_100v_5pct_moderate_rural_978,1079,0.0,0.9,17.404862999683246,0.8772999999999999,False,100
False,0.05,True,300,rural,CAUTION,moderate,collusion,10.0,0.23000000000000004,0.23000000000000004,0.5399999999999999,7,0,s101_collusion_100v_5pct_moderate_rural_978,1079,0.0,0.9,23.746996999761905,0.8772999999999999,False,100
False,0.05,True,300,rural,CAUTION,moderate,collusion,10.0,0.23000000000000004,0.23000000000000004,0.5399999999999999,8,0,s101_collusion_100v_5pct_moderate_rural_978,1079,0.0,0.9,20.189953000226524,0.8772999999999999,False,100
False,0.05,True,300,rural,CAUTION,moderate,collusion,10.0,0.23000000000000004,0.23000000000000004,0.5399999999999999,9,0,s101_collusion_100v_5pct_moderate_rural_978,1079,0.0,0.9,18.52832899930945,0.8772999999999999,False,100
False,0.05,True,300,rural,CAUTION,moderate,collusion,10.0,0.23000000000000004,0.23000000000000004,0.5399999999999999,10,0,s101_collusion_100v_5pct_moderate_rural_978,1079,0.0,0.9,21.440591999635217,0.8772999999999999,False,100
False,0.05,True,300,rural,CAUTION,moderate,collusion,10.0,0.23000000000000004,0.23000000000000004,0.5399999999999999,11,0,s101_collusion_100v_5pct_moderate_rural_978,1079,0.0,0.9,19.77175200045167,0.8772999999999999,False,100
False,0.01,True,300,highway,CAUTION,dense,replay,10.0,0.23000000000000004,0.23000000000000004,0.5399999999999999,0,0,s101_replay_5v_1pct_dense_highway_17,118,0.0,0.9,19.175246001395863,0.8772999999999999,False,5
False,0.01,True,300,highway,CAUTION,dense,replay,10.0,0.146,0.146,0.708,1,0,s101_replay_5v_1pct_dense_highway_17,118,0.0,0.9,28.014986000926,0.9184599999999999,True,5
False,0.01,True,300,highway,CAUTION,dense,replay,10.0,0.23000000000000004,0.23000000000000004,0.5399999999999999,2,0,s101_replay_5v_1pct_dense_highway_17,118,0.0,0.9,20.934258000124828,0.8772999999999999,False,5
False,0.01,True,300,highway,CAUTION,dense,replay,10.0,0.23000000000000004,0.23000000000000004,0.5399999999999999,3,0,s101_replay_5v_1pct_dense_highway_17,118,0.0,0.9,22.146088000226882,0.8772999999999999,False,5
False,0.01,True,300,highway,CAUTION,dense,replay,10.0,0.23000000000000004,0.23000000000000004,0.5399999999999999,4,0,s101_replay_5v_1pct_dense_highway_17,118,0.0,0.9,17.640670001128456,0.8772999999999999,False,5
False,0.01,True,300,highway,CAUTION,dense,replay,10.0,0.28234040040722175,0.28234040040722175,0.4353191991855565,5,0,s101_replay_5v_1pct_dense_highway_17,118,0.0,0.9,22.31274799851235,0.8516532038004614,True,5
False,0.01,True,300,highway,CAUTION,dense,replay,10.0,0.28234040040722175,0.28234040040722175,0.4353191991855565,6,0,s101_replay_5v_1pct_dense_highway_17,118,0.0,0.9,21.505933998923865,0.8516532038004614,False,5
False,0.01,True,300,highway,CAUTION,dense,replay,10.0,0.28234040040722175,0.28234040040722175,0.4353191991855565,7,0,s101_replay_5v_1pct_dense_highway_17,118,0.0,0.9,19.776676999754272,0.8516532038004614,False,5
False,0.01,True,300,highway,CAUTION,dense,replay,10.0,0.28234040040722175,0.28234040040722175,0.4353191991855565,8,0,s101_replay_5v_1pct_dense_highway_17,118,0.0,0.9,19.863409999743453,0.8516532038004614,False,5
False,0.01,True,300,highway,CAUTION,dense,replay,10.0,0.28234040040722175,0.28234040040722175,0.4353191991855565,9,0,s101_replay_5v_1pct_dense_highway_17,118,0.0,0.9,19.592038999689976,0.8516532038004614,False,5
False,0.01,True,300,highway,CAUTION,dense,replay,10.0,0.32955907188933053,0.32955907188933053,0.34088185622133893,10,0,s101_replay_5v_1pct_dense_highway_17,118,0.0,0.9,20.176674999675015,0.8285160547742281,False,5
False,0.01,True,300,highway,CAUTION,dense,replay,10.0,0.32955907188933053,0.32955907188933053,0.34088185622133893,11,0,s101_replay_5v_1pct_dense_highway_17,118,0.0,0.9,19.370455000171205,0.8285160547742281,True,5
False,0.2,True,300,rural,CAUTION,sparse,benign,10.0,0.23000000000000004,0.23000000000000004,0.5399999999999999,0,0,s101_benign_25v_20pct_sparse_rural_588,689,0.0,0.9,17.664750001131324,0.8772999999999999,False,25
False,0.2,True,300,rural,CAUTION,sparse,benign,10.0,0.146,0.146,0.708,1,0,s101_benign_25v_20pct_sparse_rural_588,689,0.0,0.9,19.184699000106775,0.9184599999999999,False,25
False,0.2,True,300,rural,CAUTION,sparse,benign,10.0,0.23000000000000004,0.23000000000000004,0.5399999999999999,2,0,s101_benign_25v_20pct_sparse_rural_588,689,0.0,0.9,19.018844001038815,0.8772999999999999,False,25
False,0.2,True,300,rural,CAUTION,sparse,benign,10.0,0.23000000000000004,0.23000000000000004,0.5399999999999999,3,0,s101_benign_25v_20pct_sparse_rural_588,689,0.0,0.9,18.4846899992408,0.8772999999999999,False,25
False,0.2,True,300,rural,CAUTION,sparse,benign,10.0,0.23000000000000004,0.23000000000000004,0.5399999999999999,4,0,s101_benign_25v_20pct_sparse_rural_588,689,0.0,0.9,19.378576000235626,0.8772999999999999,False,25
False,0.2,True,300,rural,CAUTION,sparse,benign,10.0,0.23000000000000004,0.23000000000000004,0.5399999999999999,5,0,s101_benign_25v_20pct_sparse_rural_588,689,0.0,0.9,17.248107000341406,0.8772999999999999,False,25
False,0.2,True,300,rural,CAUTION,sparse,benign,10.0,0.23000000000000004,0.23000000000000004,0.5399999999999999,6,0,s101_benign_25v_20pct_sparse_rural_588,689,0.0,0.9,17.5641160003579,0.8772999999999999,False,25
False,0.2,True,300,rural,CAUTION,sparse,benign,10.0,0.23000000000000004,0.23000000000000004,0.5399999999999999,7,0,s101_benign_25v_20pct_sparse_rural_588,689,0.0,0.9,30.31726500012155,0.8772999999999999,False,25
False,0.2,True,300,rural,CAUTION,sparse,benign,10.0,0.23000000000000004,0.23000000000000004,0.5399999999999999,8,0,s101_benign_25v_20pct_sparse_rural_588,689,0.0,0.9,23.965066000528168,0.8772999999999999,False,25
False,0.2,True,300,rural,CAUTION,sparse,benign,10.0,0.23000000000000004,0.23000000000000004,0.5399999999999999,9,0,s101_benign_25v_20pct_sparse_rural_588,689,0.0,0.9,20.933024999976624,0.8772999999999999,False,25
False,0.2,True,300,rural,CAUTION,sparse,benign,10.0,0.23000000000000004,0.23000000000000004,0.5399999999999999,10,0,s101_benign_25v_20pct_sparse_rural_588,689,0.0,0.9,21.020686999690952,0.8772999999999999,False,25
False,0.2,True,300,rural,CAUTION,sparse,benign,10.0,0.23000000000000004,0.23000000000000004,0.5399999999999999,11,0,s101_benign_25v_20pct_sparse_rural_588,689,0.0,0.9,23.76195800025016,0.8772999999999999,False,25
False,0.01,True,300,urban,CAUTION,sparse,fabrication,10.0,0.23000000000000004,0.23000000000000004,0.5399999999999999,0,0,s101_fabrication_100v_1pct_sparse_urban_937,1038,0.0,0.9,33.74866000012844,0.8772999999999999,False,100
False,0.01,True,300,urban,CAUTION,sparse,fabrication,10.0,0.146,0.146,0.708,1,0,s101_fabrication_100v_1pct_sparse_urban_937,1038,0.0,0.9,21.766804000435513,0.9184599999999999,False,100
False,0.01,True,300,urban,CAUTION,sparse,fabrication,10.0,0.23000000000000004,0.23000000000000004,0.5399999999999999,2,0,s101_fabrication_100v_1pct_sparse_urban_937,1038,0.0,0.9,28.89621499889472,0.8772999999999999,True,100
False,0.01,True,300,urban,CAUTION,sparse,fabrication,10.0,0.23000000000000004,0.23000000000000004,0.5399999999999999,3,0,s101_fabrication_100v_1pct_sparse_urban_937,1038,0.0,0.9,21.854529999473016,0.8772999999999999,False,100
False,0.01,True,300,urban,CAUTION,sparse,fabrication,10.0,0.23000000000000004,0.23000000000000004,0.5399999999999999,4,0,s101_fabrication_100v_1pct_sparse_urban_937,1038,0.0,0.9,18.090264999045758,0.8772999999999999,False,100
False,0.01,True,300,urban,CAUTION,sparse,fabrication,10.0,0.23000000000000004,0.23000000000000004,0.5399999999999999,5,0,s101_fabrication_100v_1pct_sparse_urban_937,1038,0.0,0.9,19.961002000854933,0.8772999999999999,False,100
False,0.01,True,300,urban,CAUTION,sparse,fabrication,10.0,0.23000000000000004,0.23000000000000004,0.5399999999999999,6,0,s101_fabrication_100v_1pct_sparse_urban_937,1038,0.0,0.9,22.022483999535325,0.8772999999999999,False,100
False,0.01,True,300,urban,CAUTION,sparse,fabrication,10.0,0.23000000000000004,0.23000000000000004,0.5399999999999999,7,0,s101_fabrication_100v_1pct_sparse_urban_937,1038,0.0,0.9,21.367420000387938,0.8772999999999999,False,100
False,0.01,True,300,urban,CAUTION,sparse,fabrication,10.0,0.23000000000000004,0.23000000000000004,0.5399999999999999,8,0,s101_fabrication_100v_1pct_sparse_urban_937,1038,0.0,0.9,27.26313400125946,0.8772999999999999,False,100
False,0.01,True,300,urban,CAUTION,sparse,fabrication,10.0,0.23000000000000004,0.23000000000000004,0.5399999999999999,9,0,s101_fabrication_100v_1pct_sparse_urban_937,1038,0.0,0.9,39.37183900052332,0.8772999999999999,False,100
False,0.01,True,300,urban,CAUTION,sparse,fabrication,10.0,0.23000000000000004,0.23000000000000004,0.5399999999999999,10,0,s101_fabrication_100v_1pct_sparse_urban_937,1038,0.0,0.9,29.39431499908096,0.8772999999999999,False,100
False,0.01,True,300,urban,CAUTION,sparse,fabrication,10.0,0.23000000000000004,0.23000000000000004,0.5399999999999999,11,0,s101_fabrication_100v_1pct_sparse_urban_937,1038,0.0,0.9,24.94656999988365,0.8772999999999999,False,100
False,0.05,True,300,rural,CAUTION,moderate,collusion,10.0,0.23000000000000004,0.23000000000000004,0.5399999999999999,0,0,s101_collusion_50v_5pct_moderate_rural_753,854,0.0,0.9,20.551563999106293,0.8772999999999999,False,50
False,0.05,True,300,rural,CAUTION,moderate,collusion,10.0,0.146,0.146,0.708,1,0,s101_collusion_50v_5pct_moderate_rural_753,854,0.0,0.9,18.32991000082984,0.9184599999999999,False,50
False,0.05,True,300,rural,CAUTION,moderate,collusion,10.0,0.23000000000000004,0.23000000000000004,0.5399999999999999,2,0,s101_collusion_50v_5pct_moderate_rural_753,854,0.0,0.9,18.311714999072137,0.8772999999999999,False,50
False,0.05,True,300,rural,CAUTION,moderate,collusion,10.0,0.23000000000000004,0.23000000000000004,0.5399999999999999,3,0,s101_collusion_50v_5pct_moderate_rural_753,854,0.0,0.9,18.638404000739683,0.8772999999999999,False,50
False,0.05,True,300,rural,CAUTION,moderate,collusion,10.0,0.23000000000000004,0.23000000000000004,0.5399999999999999,4,0,s101_collusion_50v_5pct_moderate_rural_753,854,0.0,0.9,18.451636999088805,0.8772999999999999,False,50
False,0.05,True,300,rural,CAUTION,moderate,collusion,10.0,0.23000000000000004,0.23000000000000004,0.5399999999999999,5,0,s101_collusion_50v_5pct_moderate_rural_753,854,0.0,0.9,19.894019998901058,0.8772999999999999,False,50
False,0.05,True,300,rural,CAUTION,moderate,collusion,10.0,0.23000000000000004,0.23000000000000004,0.5399999999999999,6,0,s101_collusion_50v_5pct_moderate_rural_753,854,0.0,0.9,19.095857998763677,0.8772999999999999,False,50
False,0.05,True,300,rural,CAUTION,moderate,collusion,10.0,0.23000000000000004,0.23000000000000004,0.5399999999999999,7,0,s101_collusion_50v_5pct_moderate_rural_753,854,0.0,0.9,24.943528000221704,0.8772999999999999,False,50
False,0.05,True,300,rural,CAUTION,moderate,collusion,10.0,0.23000000000000004,0.23000000000000004,0.5399999999999999,8,0,s101_collusion_50v_5pct_moderate_rural_753,854,0.0,0.9,19.535777000783128,0.8772999999999999,False,50
False,0.05,True,300,rural,CAUTION,moderate,collusion,10.0,0.23000000000000004,0.23000000000000004,0.5399999999999999,9,0,s101_collusion_50v_5pct_moderate_rural_753,854,0.0,0.9,22.953181000048062,0.8772999999999999,False,50
False,0.05,True,300,rural,CAUTION,moderate,collusion,10.0,0.23000000000000004,0.23000000000000004,0.5399999999999999,10,0,s101_collusion_50v_5pct_moderate_rural_753,854,0.0,0.9,25.624316000175895,0.8772999999999999,False,50
False,0.05,True,300,rural,CAUTION,moderate,collusion,10.0,0.23000000000000004,0.23000000000000004,0.5399999999999999,11,0,s101_collusion_50v_5pct_moderate_rural_753,854,0.0,0.9,29.446122000081232,0.8772999999999999,False,50
False,0.05,True,300,rural,CAUTION,moderate,replay,10.0,0.23000000000000004,0.23000000000000004,0.5399999999999999,0,0,s101_replay_10v_5pct_moderate_rural_285,386,0.0,0.9,19.459008999547223,0.8772999999999999,False,10
False,0.05,True,300,rural,CAUTION,moderate,replay,10.0,0.146,0.146,0.708,1,0,s101_replay_10v_5pct_moderate_rural_285,386,0.0,0.9,17.891839999720105,0.9184599999999999,False,10
False,0.05,True,300,rural,CAUTION,moderate,replay,10.0,0.23000000000000004,0.23000000000000004,0.5399999999999999,2,0,s101_replay_10v_5pct_moderate_rural_285,386,0.0,0.9,17.84876300007454,0.8772999999999999,False,10
False,0.05,True,300,rural,CAUTION,moderate,replay,10.0,0.23000000000000004,0.23000000000000004,0.5399999999999999,3,0,s101_replay_10v_5pct_moderate_rural_285,386,0.0,0.9,20.44615600061661,0.8772999999999999,False,10
False,0.05,True,300,rural,CAUTION,moderate,replay,10.0,0.23000000000000004,0.23000000000000004,0.5399999999999999,4,0,s101_replay_10v_5pct_moderate_rural_285,386,0.0,0.9,21.02288499918359,0.8772999999999999,False,10
False,0.05,True,300,rural,CAUTION,moderate,replay,10.0,0.23000000000000004,0.23000000000000004,0.5399999999999999,5,0,s101_replay_10v_5pct_moderate_rural_285,386,0.0,0.9,20.314270999733708,0.8772999999999999,False,10
False,0.05,True,300,rural,CAUTION,moderate,replay,10.0,0.23000000000000004,0.23000000000000004,0.5399999999999999,6,0,s101_replay_10v_5pct_moderate_rural_285,386,0.0,0.9,18.01661700119439,0.8772999999999999,True,10
False,0.05,True,300,rural,CAUTION,moderate,replay,10.0,0.23000000000000004,0.23000000000000004,0.5399999999999999,7,0,s101_replay_10v_5pct_moderate_rural_285,386,0.0,0.9,18.737002999841934,0.8772999999999999,False,10
False,0.05,True,300,rural,CAUTION,moderate,replay,10.0,0.23000000000000004,0.23000000000000004,0.5399999999999999,8,0,s101_replay_10v_5pct_moderate_rural_285,386,0.0,0.9,19.039640999835683,0.8772999999999999,False,10
False,0.05,True,300,rural,CAUTION,moderate,replay,10.0,0.23000000000000004,0.23000000000000004,0.5399999999999999,9,0,s101_replay_10v_5pct_moderate_rural_285,386,0.0,0.9,17.671076999249635,0.8772999999999999,False,10
False,0.05,True,300,rural,CAUTION,moderate,replay,10.0,0.28234040040722175,0.28234040040722175,0.4353191991855565,10,0,s101_replay_10v_5pct_moderate_rural_285,386,0.0,0.9,36.087141999814776,0.8516532038004614,False,10
False,0.05,True,300,rural,CAUTION,moderate,replay,10.0,0.28234040040722175,0.28234040040722175,0.4353191991855565,11,0,s101_replay_10v_5pct_moderate_rural_285,386,0.0,0.9,36.970426999687334,0.8516532038004614,False,10
False,0.01,True,300,highway,CAUTION,moderate,fabrication,10.0,0.23000000000000004,0.23000000000000004,0.5399999999999999,0,0,s101_fabrication_5v_1pct_moderate_highway_41,142,0.0,0.9,20.074875001228065,0.8772999999999999,True,5
False,0.01,True,300,highway,CAUTION,moderate,fabrication,10.0,0.146,0.146,0.708,1,0,s101_fabrication_5v_1pct_moderate_highway_41,142,0.0,0.9,16.70792699951562,0.9184599999999999,False,5
False,0.01,True,300,highway,CAUTION,moderate,fabrication,10.0,0.23000000000000004,0.23000000000000004,0.5399999999999999,2,0,s101_fabrication_5v_1pct_moderate_highway_41,142,0.0,0.9,20.364631998745608,0.8772999999999999,False,5
False,0.01,True,300,highway,CAUTION,moderate,fabrication,10.0,0.23000000000000004,0.23000000000000004,0.5399999999999999,3,0,s101_fabrication_5v_1pct_moderate_highway_41,142,0.0,0.9,21.30016399860324,0.8772999999999999,False,5
False,0.01,True,300,highway,CAUTION,moderate,fabrication,10.0,0.23000000000000004,0.23000000000000004,0.5399999999999999,4,0,s101_fabrication_5v_1pct_moderate_highway_41,142,0.0,0.9,17.719854000461055,0.8772999999999999,False,5
False,0.01,True,300,highway,CAUTION,moderate,fabrication,10.0,0.28234040040722175,0.28234040040722175,0.4353191991855565,5,0,s101_fabrication_5v_1pct_moderate_highway_41,142,0.0,0.9,21.771650999653502,0.8516532038004614,False,5
False,0.01,True,300,highway,CAUTION,moderate,fabrication,10.0,0.28234040040722175,0.28234040040722175,0.4353191991855565,6,0,s101_fabrication_5v_1pct_moderate_highway_41,142,0.0,0.9,18.780043999868212,0.8516532038004614,False,5
False,0.01,True,300,highway,CAUTION,moderate,fabrication,10.0,0.28234040040722175,0.28234040040722175,0.4353191991855565,7,0,s101_fabrication_5v_1pct_moderate_highway_41,142,0.0,0.9,20.92407700001786,0.8516532038004614,False,5
False,0.01,True,300,highway,CAUTION,moderate,fabrication,10.0,0.28234040040722175,0.28234040040722175,0.4353191991855565,8,0,s101_fabrication_5v_1pct_moderate_highway_41,142,0.0,0.9,19.290317000923096,0.8516532038004614,True,5
False,0.01,True,300,highway,CAUTION,moderate,fabrication,10.0,0.28234040040722175,0.28234040040722175,0.4353191991855565,9,0,s101_fabrication_5v_1pct_moderate_highway_41,142,0.0,0.9,20.069395999598783,0.8516532038004614,False,5
False,0.01,True,300,highway,CAUTION,moderate,fabrication,10.0,0.32955907188933053,0.32955907188933053,0.34088185622133893,10,0,s101_fabrication_5v_1pct_moderate_highway_41,142,0.0,0.9,20.808889999898383,0.8285160547742281,False,5
False,0.01,True,300,highway,CAUTION,moderate,fabrication,10.0,0.32955907188933053,0.32955907188933053,0.34088185622133893,11,0,s101_fabrication_5v_1pct_moderate_highway_41,142,0.0,0.9,22.04435400017246,0.8285160547742281,False,5
False,0.1,True,300,urban,CAUTION,moderate,replay,10.0,0.23000000000000004,0.23000000000000004,0.5399999999999999,0,0,s101_replay_5v_10pct_moderate_urban_103,204,0.0,0.9,25.72369500012428,0.8772999999999999,False,5
False,0.1,True,300,urban,CAUTION,moderate,replay,10.0,0.146,0.146,0.708,1,0,s101_replay_5v_10pct_moderate_urban_103,204,0.0,0.9,19.399429998884443,0.9184599999999999,True,5
False,0.1,True,300,urban,CAUTION,moderate,replay,10.0,0.23000000000000004,0.23000000000000004,0.5399999999999999,2,0,s101_replay_5v_10pct_moderate_urban_103,204,0.0,0.9,17.11761399928946,0.8772999999999999,False,5
False,0.1,True,300,urban,CAUTION,moderate,replay,10.0,0.23000000000000004,0.23000000000000004,0.5399999999999999,3,0,s101_replay_5v_10pct_moderate_urban_103,204,0.0,0.9,19.53743800004304,0.8772999999999999,False,5
False,0.1,True,300,urban,CAUTION,moderate,replay,10.0,0.23000000000000004,0.23000000000000004,0.5399999999999999,4,0,s101_replay_5v_10pct_moderate_urban_103,204,0.0,0.9,16.851293001309386,0.8772999999999999,False,5
False,0.1,True,300,urban,CAUTION,moderate,replay,10.0,0.28234040040722175,0.28234040040722175,0.4353191991855565,5,0,s101_replay_5v_10pct_moderate_urban_103,204,0.0,0.9,18.79109299989068,0.8516532038004614,False,5
False,0.1,True,300,urban,CAUTION,moderate,replay,10.0,0.28234040040722175,0.28234040040722175,0.4353191991855565,6,0,s101_replay_5v_10pct_moderate_urban_103,204,0.0,0.9,20.440436999706435,0.8516532038004614,False,5
False,0.1,True,300,urban,CAUTION,moderate,replay,10.0,0.28234040040722175,0.28234040040722175,0.4353191991855565,7,0,s101_replay_5v_10pct_moderate_urban_103,204,0.0,0.9,35.170742999980575,0.8516532038004614,False,5
False,0.1,True,300,urban,CAUTION,moderate,replay,10.0,0.28234040040722175,0.28234040040722175,0.4353191991855565,8,0,s101_replay_5v_10pct_moderate_urban_103,204,0.0,0.9,19.747584001379437,0.8516532038004614,True,5
False,0.1,True,300,urban,CAUTION,moderate,replay,10.0,0.28234040040722175,0.28234040040722175,0.4353191991855565,9,0,s101_replay_5v_10pct_moderate_urban_103,204,0.0,0.9,19.47108899912564,0.8516532038004614,False,5
False,0.1,True,300,urban,CAUTION,moderate,replay,10.0,0.32955907188933053,0.32955907188933053,0.34088185622133893,10,0,s101_replay_5v_10pct_moderate_urban_103,204,0.0,0.9,18.892895001044963,0.8285160547742281,False,5
False,0.1,True,300,urban,CAUTION,moderate,replay,10.0,0.32955907188933053,0.32955907188933053,0.34088185622133893,11,0,s101_replay_5v_10pct_moderate_urban_103,204,0.0,0.9,20.90208700064977,0.8285160547742281,False,5
